ID,flag
429,1
727,1
1137,1
1873,1
2260,0
2694,1
2992,1
4321,1
8663,1
8972,1
10999,1
12418,1
14485,1
14555,1
19112,1
19559,1
20540,1
20921,1
21985,1
22166,0
22549,1
25111,1
25529,1
25947,1
26885,1
28529,1
29967,1
30264,1
31842,1
32760,1
32969,1
34074,1
34772,1
35662,1
36727,1
38296,1
38406,1
40950,1
41159,1
41345,1
41405,1
41906,1
42114,1
42739,1
45362,1
47053,1
47417,1
48272,1
48367,1
49019,1
49545,1
49822,1
50052,1
50164,1
51832,1
52327,1
54161,1
55990,1
57449,1
58233,1
59684,1
59960,1
60247,1
62254,1
62367,1
63724,1
66064,1
66514,1
66611,1
66612,1
67350,1
67446,1
67479,1
70322,1
73286,1
73507,1
73593,1
73944,1
75936,1
76698,1
77132,1
78840,1
79148,1
80564,1
80597,1
80901,1
88816,1
90049,1
93481,1
94340,1
94892,1
94945,1
95769,1
96474,1
96500,1
105757,1
106427,1
107498,1
107742,1
108004,1
108554,1
109175,1
109859,1
111376,1
112117,1
113864,1
114396,1
117333,1
117553,1
119075,1
119352,1
119380,1
121704,1
121977,1
122554,1
129814,1
130308,1
130691,1
130888,1
132030,1
132061,1
133711,1
134139,0
137131,1
138147,1
140844,1
143481,1
144236,1
147769,1
148170,1
148219,1
148721,1
148879,1
149478,1
150708,1
150791,1
150903,1
151336,1
152595,1
152917,1
153231,1
153870,1
154020,1
155831,1
156014,1
159495,1
160021,0
163183,0
170284,1
170597,1
171828,1
172884,1
173514,1
178885,1
180988,1
181021,1
181396,1
181555,1
181558,1
181696,1
182743,1
182913,1
183814,0
184062,1
186411,0
186576,1
186730,1
187136,1
187828,1
188096,1
188170,1
188282,1
188635,1
190360,1
191123,1
192580,1
193744,1
194030,1
194039,1
194504,1
194991,1
195819,1
198028,1
198334,1
200404,1
201460,1
201628,1
201778,1
202693,1
203002,0
203463,1
206812,1
207863,1
208177,1
209017,1
211011,1
211193,1
212091,1
213428,1
213889,1
214498,1
215882,1
217190,1
217331,1
219396,1
223699,1
223879,1
223933,1
226925,1
227049,1
227407,1
227950,1
229158,1
229829,1
230784,1
231153,1
232238,1
232876,1
232887,1
235300,1
235551,1
236820,1
236998,1
237831,1
237968,1
240043,1
241016,1
241105,1
241512,1
242448,1
243770,1
244301,1
246153,1
246799,1
247952,1
248015,1
248528,1
248680,1
248843,1
248854,1
251651,1
253735,1
253763,1
253934,1
253948,1
255581,1
258283,1
258475,1
262000,1
262861,1
265268,1
265490,1
268257,1
269792,1
270678,1
272003,1
276422,1
276633,1
278247,1
279366,1
279443,1
279777,1
281445,1
283501,1
285005,1
285544,1
286094,1
286404,1
287313,1
288181,1
288968,1
290915,1
292811,1
293188,1
295096,1
295383,1
295623,1
296659,1
296716,0
296965,1
297827,1
297949,1
298177,1
299136,1
301730,1
302369,1
303768,1
304979,1
306043,1
307784,1
307874,1
308421,1
310272,1
310508,1
311906,1
314361,1
316322,1
316605,1
316921,1
318025,1
318630,1
319157,1
320470,1
321714,1
322167,1
322369,1
324775,1
324985,0
325777,1
326115,1
326897,1
327370,1
328554,1
330070,1
331259,1
331567,1
331580,1
334019,1
334158,1
336517,1
336611,1
336803,1
337013,1
338051,1
338985,1
339289,1
340625,1
340798,1
342259,1
342585,1
343752,1
344732,1
344961,1
347999,1
351362,1
352210,1
354980,1
355116,1
355132,1
356188,1
356875,1
357556,1
357630,1
357952,1
359236,1
359994,1
362891,1
363482,1
363940,1
368035,1
369045,1
370629,1
371664,0
372009,1
372888,1
374801,1
375029,1
376669,1
378252,1
381016,1
381329,1
381900,1
383388,1
383850,1
384501,1
384654,1
386059,1
389787,0
392587,1
393359,0
394981,1
398151,1
399012,1
400106,1
400748,1
401215,1
401764,1
403194,1
405544,1
409443,1
410487,1
410912,1
410931,1
411503,1
412001,1
412310,1
413879,0
414795,1
415902,1
416452,1
416921,1
417772,1
418951,1
419755,1
421423,1
421655,1
421848,1
422167,1
422357,1
422655,1
422927,1
423344,1
424936,1
426003,1
427117,0
427577,1
427774,1
429456,1
430960,1
432211,1
432470,1
432950,1
435811,1
436560,1
437230,1
437368,1
437503,1
437879,1
438068,1
438420,1
439001,1
440898,1
441109,1
443388,1
443679,1
444267,1
444903,1
446176,1
446607,1
447541,1
447862,1
449022,1
450046,1
450666,1
451937,1
452617,1
453111,1
456126,1
456518,1
456871,1
458098,1
458108,1
460450,1
461453,1
462117,1
462192,1
463088,1
463803,1
464061,1
464669,1
465019,1
465677,1
469134,0
469194,1
469716,1
469757,1
473104,1
473513,1
473693,1
474962,1
475058,1
477226,1
484404,1
485393,1
486617,1
487016,1
488344,1
488446,1
488872,1
489221,1
491071,1
491353,0
491691,1
492139,1
492454,1
493110,1
496012,1
496143,1
498195,1
500866,1
501202,1
501915,1
502191,1
502203,1
502236,1
502987,1
504573,1
507276,1
507718,1
508135,1
509059,1
509397,1
511480,1
512514,1
516336,1
516467,1
516584,1
524184,1
524192,1
526509,1
526586,1
527099,1
527107,1
529236,1
532575,1
533534,1
535386,1
535619,1
535749,1
537376,1
537681,1
539426,1
539467,1
539470,1
540630,1
541341,1
541856,1
543345,1
543359,1
543620,1
544341,1
544392,1
544710,1
544783,1
545729,1
545747,1
546225,1
546257,1
547376,1
547475,1
547633,1
548635,1
550121,1
550797,1
551328,1
551480,1
552021,1
552416,1
555011,1
555123,1
557241,1
558453,1
559288,1
560503,1
560918,1
561319,1
562220,1
562420,1
562581,1
562717,1
563705,1
564303,1
566040,1
566939,1
568065,1
571615,1
573010,1
573615,1
575136,1
582403,1
583958,1
584259,1
584444,1
585032,1
585529,1
587585,1
590300,1
592686,1
593690,1
594009,1
594559,1
595911,1
596506,1
596974,1
596995,1
597291,1
597546,1
598340,1
600021,1
600811,1
601841,1
602692,1
604421,1
604765,1
605159,1
605430,1
605759,1
608914,1
609845,1
610521,1
611096,1
613373,1
615876,1
618519,1
619366,1
621983,1
623689,1
623703,1
625969,1
626475,1
627452,1
628293,1
630764,1
631475,1
632595,1
633773,1
635355,1
636566,1
637105,1
638266,1
639297,1
639839,1
644114,1
644593,1
644991,1
645762,1
646266,1
646787,1
649277,1
651339,1
651455,1
651706,1
654596,1
654926,1
657627,1
657799,1
657955,1
659708,1
661117,1
663280,1
666221,1
666250,1
666373,1
666460,1
671269,1
671608,1
673075,1
673292,1
673299,1
673733,1
674375,1
675931,1
676005,1
676827,1
678879,1
680244,1
680371,1
680720,1
680896,1
682478,1
682947,1
684378,1
686577,1
687003,1
688040,1
689709,1
690206,1
691289,1
692511,1
693226,1
693420,1
694126,1
695558,1
696008,1
696506,1
697348,1
697358,1
698066,1
699616,1
700335,1
700692,1
703019,1
705818,1
706731,1
710634,1
714529,1
719505,1
719920,1
720697,1
720817,1
721712,1
722554,1
724199,1
727151,1
728882,1
729841,1
733293,1
733974,1
735358,1
736120,0
736213,1
738583,1
738613,1
738647,1
739052,1
740992,1
742657,1
742677,1
744562,1
745399,1
745593,1
746161,1
746178,1
746462,1
748305,1
748510,1
749261,1
749561,1
750339,1
751197,1
753051,1
753671,1
754010,1
754773,1
754832,1
755447,1
756659,1
757655,1
760430,1
761672,1
764462,1
765423,1
765643,1
766181,0
768092,1
768357,1
769828,1
770172,1
770386,1
771734,1
771931,1
772688,1
773800,1
775613,1
776118,1
777166,1
777890,1
778648,1
779750,1
780232,1
780632,1
781749,1
781902,1
781920,1
782293,1
782373,1
783194,1
784984,1
785508,1
787005,1
787398,1
789153,1
789340,1
791223,1
791939,1
792794,0
792971,1
793038,1
793807,1
795548,1
796025,1
799065,1
799480,1
801899,1
802851,1
803956,1
803958,1
804031,1
804795,1
804971,1
805644,1
806964,1
807169,1
807296,1
809554,1
811365,1
811729,1
812309,1
813045,1
814573,1
816431,1
817671,1
821680,1
823921,1
824141,1
825759,1
826123,1
830176,1
830958,1
832410,1
833371,1
834221,1
834232,1
835242,1
835791,1
836149,1
836502,1
838732,1
838802,1
838951,1
839013,1
839288,1
840506,1
841571,1
841734,1
844245,1
846985,1
847171,1
850546,1
850908,1
850946,1
851035,1
852535,1
854487,1
855268,1
856559,1
857268,1
857570,1
858131,1
858388,1
858900,1
859508,1
861181,1
863027,1
864539,1
865047,1
865056,1
865697,1
865941,1
866184,1
866325,1
866947,1
868389,1
873256,0
873685,1
875101,1
875610,1
877475,1
877591,1
879653,1
879792,1
882938,1
883151,1
883196,1
883286,1
883444,1
885555,1
886410,1
893757,1
894699,1
894807,1
895502,1
895518,0
897240,1
898438,1
898812,1
899001,1
899077,1
900183,1
900496,1
901258,1
901642,1
902651,1
902706,1
902777,1
904094,1
906716,1
907180,1
908490,1
909272,1
909436,1
909923,1
910186,1
911357,1
912094,1
912596,1
914041,1
917653,1
917663,1
919284,1
919469,1
920748,1
920980,1
922525,1
923788,1
924574,1
924617,1
925258,1
926689,1
928785,1
929625,1
930364,1
930622,1
932201,1
934116,1
936091,1
937874,1
938208,1
938504,1
938962,1
939737,1
939842,1
939965,1
940215,1
941120,1
943600,1
943640,1
945321,1
945645,1
946021,1
946105,1
946926,1
947199,1
948010,1
948839,1
948898,1
948999,1
949564,1
950351,1
950449,1
952742,1
953093,1
954176,1
955256,1
958203,1
958409,1
961439,1
961923,1
964476,1
965332,1
967477,1
967650,1
968391,1
968616,1
971505,1
973733,1
974198,1
975068,1
975956,1
978368,1
978515,1
978808,1
979023,1
979385,1
980278,1
981973,1
982119,1
984606,1
985020,1
985839,1
986346,1
986619,1
987253,1
992689,1
993162,1
993735,1
995481,1
996854,1
997277,0
997551,1
1001662,1
1004061,1
1004731,1
1005202,1
1006985,1
1008073,1
1008326,1
1009718,1
1010569,1
1011281,1
1012164,1
1013745,1
1013769,1
1014206,1
1014399,1
1014978,1
1018554,1
1018827,1
1020899,1
1024848,0
1025321,1
1025842,1
1027461,1
1030232,1
1031040,1
1032541,1
1032770,1
1033687,1
1034704,1
1036094,1
1036557,1
1036655,1
1043685,1
1044875,1
1045502,1
1046500,1
1047532,1
1048572,1
1051944,1
1052375,1
1052614,1
1054151,1
1057122,1
1057611,1
1057837,1
1058154,1
1059083,1
1067061,1
1069346,1
1070604,1
1071477,1
1073312,1
1074011,1
1074619,1
1075252,1
1075837,1
1075873,1
1077774,1
1077962,1
1079178,1
1079619,1
1500614,1
1501967,1
1504434,1
1504813,1
1506159,1
1506268,1
1507705,1
1508639,1
1513523,1
1513771,1
1513846,1
1514287,0
1515839,1
1515919,1
1516732,1
1516743,1
1517061,1
1517864,1
1519252,1
1522507,1
1524414,1
1524724,1
1526009,1
1526853,1
1528324,1
1529596,1
1529945,1
1530029,1
1531103,1
1532325,0
1532937,1
1533285,1
1534531,1
1534705,1
1536142,1
1536192,1
1538213,1
1538281,1
1538455,1
1539261,1
1541192,1
1541304,1
1541635,1
1548171,1
1552089,1
1552477,1
1553676,1
1555145,1
1557753,1
1558325,1
1558974,1
1559164,1
1559704,1
1559765,1
1560256,1
1560684,1
1561109,1
1562919,1
1564588,1
1568890,1
1570686,1
1570793,1
1574052,1
1574095,1
1575284,1
1575834,0
1575959,1
1577100,1
1578270,1
1578999,1
1579546,1
1579937,1
1580514,1
1580748,1
1580902,1
1585083,1
1586426,1
1587790,1
1589482,1
1591157,1
1591292,1
1591886,1
1596206,1
1597926,1
1598614,1
1598673,1
1598683,1
1599467,1
1599673,1
1602157,1
1602636,1
1604903,1
1605152,1
1606714,1
1609358,1
1609876,1
1611327,1
1613414,1
1613835,1
1614427,1
1615517,1
1618072,1
1618149,1
1621426,1
1621883,1
1622204,1
1622237,1
1622940,1
1625102,1
1626491,1
1629041,1
1629341,1
1631880,1
1635510,1
1637547,1
1639947,1
1639997,1
1641922,1
1642407,1
1642541,1
1644155,1
1645803,1
1646133,1
1646984,1
1648751,1
1649184,1
1650939,1
1651050,1
1651314,1
1652620,1
1654736,1
1655453,1
1656394,1
1656882,1
1658631,1
1661464,1
1662646,1
1663859,1
1664441,1
1664708,1
1664793,1
1666279,1
1667412,1
1669043,1
1670330,1
1671788,1
1672070,1
1672294,1
1673017,1
1676107,1
1676616,1
1677460,1
1677807,1
1679324,0
1680171,1
1681176,1
1681930,1
1683275,1
1683416,1
1684689,1
1685598,1
1685642,1
1685901,1
1686602,1
1687164,1
1688510,1
1689074,1
1689852,1
1691311,1
1694345,1
1697369,1
1698598,1
1699411,1
1699624,1
1700027,1
1700325,0
1701571,1
1702466,1
1703577,1
1704237,1
1704478,1
1706603,1
1707082,1
1709677,1
1709977,1
1710780,1
1711223,1
1713325,1
1714727,1
1715301,1
1715305,1
1716366,1
1719467,1
1719627,1
1720628,1
1721658,1
1728264,1
1729047,1
1730094,1
1731884,1
1732608,1
1733231,1
1733412,1
1733776,1
1735479,0
1737641,1
1738072,1
1738132,1
1738504,1
1739828,1
1740666,1
1744518,1
1745031,1
1748500,1
1751356,1
1753894,1
1753958,1
1754531,1
1754616,1
1756003,1
1756105,1
1757337,1
1758026,1
1758324,1
1761655,1
1762392,1
1769343,1
1770416,1
1772634,1
1772863,1
1773002,1
1773168,1
1773939,1
1773948,1
1777213,1
1777337,1
1777525,1
1777932,1
1778861,1
1779110,1
1779447,0
1780082,1
1780630,1
1780779,1
1783138,1
1784294,1
1786216,1
1786605,1
1786626,1
1786982,1
1786991,1
1787541,1
1787828,1
1789181,1
1789856,1
1790588,1
1790612,1
1791467,1
1792882,1
1796264,1
1797304,1
1798505,1
1799490,1
1799752,1
1799886,1
1800569,1
1803165,1
1803372,1
1804285,1
1804351,1
1804381,1
1804755,1
1805070,1
1805142,1
1807076,1
1808673,1
1808862,1
1811670,1
1812220,1
1812611,1
1813149,1
1813620,1
1813662,1
1814349,1
1814363,1
1815564,1
1816532,0
1818645,1
1819488,1
1821062,1
1821307,1
1821620,1
1821922,1
1823010,1
1823561,1
1823676,1
1824486,1
1826310,1
1826731,0
1826783,1
1827763,1
1828207,1
1828301,1
1832031,1
1833615,1
1834753,1
1835900,1
1839318,1
1840545,1
1842237,1
1843609,1
1843682,0
1843985,1
1844249,1
1844952,1
1845414,1
1845510,1
1849107,1
1852380,1
1852651,1
1853357,1
1853504,1
1854756,1
1855131,1
1856041,1
1857604,1
1858566,1
1860004,1
1861469,1
1863667,1
1865079,1
1865836,1
1866556,1
1866778,1
1866801,1
1868061,1
1868248,1
1869037,1
1870100,1
1870766,1
1872206,1
1872240,1
1872985,1
1874815,1
1875076,1
1875528,1
1876295,1
1878887,1
1879256,1
1881680,1
1882265,1
1884909,1
1885696,1
1885961,1
1887516,1
1888009,1
1888350,1
1889475,1
1889883,1
1891555,1
1892483,1
1892548,1
1900254,1
1900874,1
1905291,1
1905873,1
1906585,1
1909460,1
1910332,1
1911366,1
1911469,1
1911670,1
1912032,1
1912906,1
1913022,1
1913724,1
1913975,1
1914770,1
1915652,1
1916716,1
1916994,1
1917284,1
1917401,1
1918478,1
1919081,1
1919497,0
1920691,1
1920810,1
1924635,1
1926223,1
1927197,1
1931206,1
1931639,1
1932529,1
1934982,1
1938069,1
1938415,1
1940812,1
1941102,1
1941235,1
1941445,1
1941979,1
1942798,1
1944665,1
1945150,1
1946692,1
1950241,1
1952214,1
1952945,1
1957333,1
1960776,1
1961685,1
1961738,1
1961828,1
1963086,1
1964159,1
1964423,1
1965649,1
1965806,1
1967022,1
1968538,1
1969059,1
1969927,1
1970517,1
1971765,1
1972498,1
1974443,1
1974900,0
1975623,1
1975794,1
1975979,1
1977229,1
1977961,1
1978036,1
1981364,1
1981848,1
1983032,1
1984203,1
1984359,1
1986248,1
1987988,1
1989228,1
1989581,1
1991889,1
1993168,1
1994303,1
1995881,1
1995889,1
1996280,1
1996779,1
1997598,1
1998195,1
1999317,1
2000072,1
2000297,1
2000818,1
2003729,1
2005862,0
2007123,1
2007302,1
2011769,1
2012348,1
2013060,1
2014551,1
2015879,1
2015886,1
2016252,1
2016729,1
2018440,1
2019769,1
2022227,1
2025029,1
2025405,1
2025983,1
2026178,1
2026448,1
2026463,1
2028111,1
2028677,1
2029053,1
2029235,1
2032464,1
2032909,0
2033101,1
2036192,1
2036693,1
2039177,1
2042287,1
2043536,1
2043663,1
2046163,1
2047610,1
2048038,1
2048094,1
2048183,1
2050339,1
2051290,1
2053367,1
2053432,1
2053881,1
2057528,1
2058320,1
2060126,1
2061992,1
2062239,1
2063670,1
2064204,1
2065052,1
2065486,1
2066979,1
2067190,0
2067713,1
2068947,1
2074636,1
2077188,1
2077862,1
2079044,1
2082673,1
2083669,1
2083698,1
2084055,1
2084968,1
2086409,1
2087156,1
2087416,1
2087584,1
2092483,1
2092674,1
2092801,1
2093942,1
2094291,1
2094572,1
2095467,1
2096268,1
2096624,1
2097291,1
2099590,1
2099610,1
2101572,1
2103149,1
2104111,1
2107285,1
2109083,0
2111292,1
2111825,1
2114980,1
2116247,1
2117739,1
2118483,1
2118524,1
2120177,1
2120182,1
2122015,1
2123202,1
2124619,1
2125751,1
2128075,1
2129390,1
2129907,1
2130557,1
2132590,1
2135268,1
2136427,1
2137519,1
2138102,1
2138410,1
2138429,1
2138527,1
2141366,1
2141608,1
2143479,1
2143551,1
2143665,1
2144131,1
2144576,1
2145019,1
2145173,1
2145605,1
2146857,1
2147399,1
2148692,1
2149553,1
2150334,1
2150706,1
2151348,1
2151524,1
2152157,1
2152284,1
2152309,1
2154564,1
2157764,1
2161728,1
2161871,1
2163563,1
2163619,1
2164805,1
2165725,1
2167205,1
2168947,1
2169231,1
2170864,1
2171237,1
2171257,1
2176329,1
2177033,1
2178201,1
2179230,1
2181207,1
2181267,0
2183219,1
2184311,1
2184880,1
2188337,1
2190630,1
2192594,1
2192688,1
2193572,1
2194960,1
2196743,1
2197228,1
2197776,1
2198237,1
2199080,1
2200459,1
2201141,1
2202701,1
2205232,1
2206546,1
2206601,1
2206862,1
2207550,1
2209678,0
2209808,1
2210378,1
2210944,1
2212592,1
2214010,0
2214051,1
2214927,1
2215163,1
2215567,1
2217806,1
2218002,1
2218332,1
2219130,1
2219449,1
2219844,1
2220520,1
2221124,1
2221633,0
2221877,1
2221960,1
2222531,1
2223968,1
2224027,1
2224356,1
2224372,1
2224473,1
2229393,1
2230381,1
2230423,1
2231829,1
2232447,1
2233543,1
2233902,0
2233954,1
2234409,1
2234871,1
2235533,1
2235735,1
2237818,1
2239697,1
2240785,1
2241387,1
2242689,1
2244211,0
2244635,1
2244903,1
2245551,1
2245891,1
2245947,1
2246050,1
2247824,1
2248041,1
2248131,0
2249925,1
2250672,1
2251017,1
2251329,1
2251451,1
2251557,1
2251878,1
2252653,1
2253575,1
2255459,1
2256884,1
2262826,1
2263535,1
2263733,1
2264818,1
2264986,1
2265241,1
2266979,1
2267263,1
2272041,1
2273698,1
2273721,1
2274110,1
2275264,1
2275428,1
2280014,1
2280778,1
2281843,1
2283031,1
2283715,1
2285278,1
2286164,1
2286661,1
2287605,1
2288366,1
2289486,1
2290110,1
2290802,1
2291385,1
2291875,1
2294586,1
2295609,1
2295654,1
2296602,1
2296866,1
2297844,1
2298397,1
2299109,1
2303344,1
2305983,1
2306074,1
2307517,1
2308514,1
2309618,1
2310446,1
2311137,1
2311631,1
2311825,1
2312605,1
2312847,1
2315675,1
2315743,1
2316694,1
2317839,1
2321854,1
2321995,1
2323621,1
2325003,1
2325195,1
2325427,1
2325569,1
2326018,1
2326804,1
2327047,1
2327844,1
2329374,1
2331524,0
2331635,1
2333512,1
2333627,1
2334092,1
2334278,1
2335674,1
2337173,1
2337593,1
2342214,1
2342283,1
2343863,1
2345777,1
2347011,1
2349292,0
2350473,1
2351968,1
2353212,1
2355558,1
2355567,1
2355573,1
2356755,1
2358538,1
2360141,1
2360246,1
2361019,1
2361117,1
2361842,1
2364488,1
2364490,1
2364508,1
2364707,1
2365473,1
2367303,1
2368076,1
2368598,1
2369381,1
2370423,1
2370853,1
2371225,1
2372264,1
2373624,1
2374157,1
2374282,1
2374953,1
2376013,1
2377468,1
2377665,1
2378136,1
2379217,1
2379379,1
2383547,1
2386725,1
2386819,1
2388553,1
2389408,1
2389614,1
2391766,0
2391965,1
2394546,1
2396859,1
2397489,1
2397723,1
2398868,1
2400784,1
2400947,1
2401224,1
2401441,1
2403561,1
2403977,1
2404672,1
2404801,1
2405424,1
2410559,1
2410727,1
2410823,1
2412335,1
2415378,1
2419031,1
2419997,1
2420428,1
2423646,1
2423665,1
2425275,1
2425372,1
2425653,1
2426477,1
2427511,1
2430768,1
2432256,1
2433158,1
2434069,1
2434111,1
2435984,1
2436245,1
2436360,1
2436961,1
2437528,1
2439291,1
2439373,1
2440528,1
2443893,1
2444610,1
2445573,1
2445939,1
2447578,1
2448740,1
2449203,1
2449328,1
2450120,1
2453806,1
2456252,1
2457298,1
2458381,1
2458407,1
2459198,1
2460054,1
2463521,1
2463754,1
2463863,1
2465542,1
2466124,1
2468936,1
2469265,1
2470545,1
2470758,1
2471554,1
2472010,1
2472456,1
2473582,1
2473584,1
2475195,1
2476043,1
2478391,1
2479416,1
2481348,1
2483852,1
2484385,1
2484705,1
2484862,1
2484986,1
2487831,1
2490465,1
2493103,1
2493646,1
2494004,1
2494093,1
2494530,1
2495267,1
2495391,1
2496387,1
2497148,1
2497736,1
2497954,1
2498473,1
2499056,1
2501107,1
2506341,1
2507226,1
2507377,1
2508562,1
2508773,1
2508949,1
2509367,1
2509496,1
2509623,1
2509812,1
2510087,1
2510792,1
2510938,1
2512820,1
2513774,1
2516660,1
2520215,1
2522503,1
2523191,1
2523265,1
2523794,1
2525343,1
2525716,1
2526731,1
2527014,1
2527725,1
2529542,0
2530312,1
2530895,1
2531689,1
2531908,1
2533585,1
2533972,1
2534485,1
2536031,1
2536452,1
2538935,1
2542287,1
2542959,0
2544867,1
2545602,1
2546048,1
2548541,1
2550158,1
2550300,1
2551238,1
2551277,1
2553001,1
2559445,1
2561021,1
2565261,1
2566301,1
2567635,1
2567817,1
2568189,1
2568280,1
2568985,1
2569247,1
2569791,1
2571013,1
2571687,1
2572154,1
2574214,1
2575057,1
2576812,1
2577010,1
2578313,1
2578980,1
2580389,1
2581859,1
2584724,1
2584919,1
2585767,1
2586593,1
2588090,1
2588570,1
2591105,1
2591702,1
2592183,1
2595752,1
2596441,1
2598503,1
2599036,1
2599328,1
2600021,1
2600211,1
2601843,1
2605190,1
2606387,1
2607354,1
2607514,1
2607837,1
2608587,1
2608599,1
2609767,1
2611492,1
2612760,1
2613676,1
2617206,1
2617399,1
2620221,1
2621392,1
2623727,1
2624735,1
2626576,1
2628157,1
2629379,1
2630328,1
2630507,1
2630610,1
2632743,1
2633460,1
2635297,1
2635453,1
2635627,1
2637443,1
2638907,1
2641108,1
2641231,1
2641236,1
2645804,1
2646581,1
2646931,1
2647059,1
2652412,1
2654638,1
2656733,1
2658456,1
2659744,1
2661730,1
2662211,1
2662915,1
2664685,1
2665300,1
2665469,1
2666254,1
2668569,1
2671515,1
2671898,1
2672736,1
2672804,1
2672900,1
2674428,1
2674957,1
2675767,1
2675918,0
2678562,1
2681010,1
2681708,1
2682116,1
2682147,1
2682859,1
2683507,1
2686095,1
2686893,1
2689006,1
2689106,1
2691141,1
2691251,1
2694845,1
2696158,1
2696341,1
2696612,1
2697726,1
2698194,1
2700018,1
2700426,1
2703183,1
2703261,0
2704564,1
2704748,1
2707062,1
2707082,1
2708295,1
2710574,1
2711246,1
2712334,1
2714886,1
2717330,1
2717550,1
2721184,1
2722926,1
2722933,1
2725256,1
2725274,1
2725311,1
2725436,1
2725540,1
2725554,1
2727265,1
2727285,1
2727534,1
2728076,1
2728157,1
2729035,1
2729531,1
2730192,1
2730727,1
2732214,1
2733067,1
2734444,1
2734753,1
2735053,1
2735109,1
2735249,1
2735331,1
2736017,1
2738046,1
2738087,1
2740811,1
2743003,1
2750030,1
2750142,1
2750398,0
2750807,1
2751465,1
2752546,1
2752722,1
2753202,1
2753743,1
2754665,1
2756480,1
2757750,1
2759093,1
2759514,1
2759626,1
2761175,1
2761377,1
2763239,1
2764179,1
2764966,1
2765006,1
2768850,1
2770408,1
2771670,1
2772756,1
2773061,1
2777027,1
2777053,1
2777400,1
2777444,1
2779837,1
2779949,1
2780598,1
2781639,1
2781828,1
2783616,1
2784622,1
2786199,1
2787234,1
2788705,1
2789031,1
2789858,1
2789874,1
2790974,1
2792167,1
2792373,1
2795758,1
2795956,1
2796012,1
2796547,1
2797260,1
2797842,0
2800681,1
2801776,1
2802097,1
2804292,1
2805974,1
2806710,1
2807543,1
2810395,1
2812229,1
2813366,0
2814204,1
2814562,1
2815160,1
2815391,1
2815689,1
2816300,1
2816498,1
2817995,1
2820506,1
2821470,1
2821586,1
2822523,1
2823770,1
2823787,1
2823878,1
2826188,1
2826486,1
2829647,1
2830267,1
2831876,1
2832495,1
2832518,1
2832574,1
2833316,1
2833833,1
2835529,1
2835587,1
2837034,1
2837632,1
2838579,1
2838831,1
2844222,1
2845320,0
2849135,1
2849530,1
2851476,1
2852661,1
2856255,1
2857935,1
2858018,1
2859655,1
2859953,1
2862530,1
2864221,1
2865916,1
2866864,1
2867136,1
2867972,1
2868469,1
2872974,1
2873219,1
2874726,1
2875053,1
2879259,1
2880218,1
2882899,1
2884215,1
2884618,1
2885458,1
2886138,1
2887530,1
2888403,1
2888533,1
2889290,1
2890126,1
2890785,1
2892060,1
2897011,1
2897136,1
2900613,1
2901653,1
2902495,1
2904190,1
2906532,1
2907115,1
2907707,1
2907857,1
2908834,1
2909807,1
2909863,1
2909990,1
2911873,1
2912880,1
2913325,1
2913384,1
2913782,0
2916098,0
2917053,1
2917476,1
2917729,1
2917791,1
2919508,1
2919576,1
2919789,1
2920541,1
2921535,1
2921763,1
2921868,1
2922340,1
2923269,1
2923428,1
2925414,1
2925831,1
2926229,1
2927924,1
2930085,1
2930494,1
2931691,1
2932111,1
2932516,1
2933415,1
2933654,1
2934902,1
2935384,1
2936970,1
2937020,1
2937884,1
2938010,1
2939085,1
2939780,1
2939975,1
2940409,1
2940646,0
2940822,1
2943082,1
2944280,1
2944842,1
2947183,1
2951467,1
2953353,1
2953483,1
2954068,1
2954090,1
2954671,1
2956322,1
2956663,1
2959224,1
2959281,1
2960302,1
2960653,1
2961359,1
2962977,1
2963960,1
2966260,1
2968396,1
2968434,1
2968656,1
2969143,1
2972146,1
2972830,1
2973562,1
2973924,1
2975109,1
2976237,1
2977526,1
2980961,1
2982028,1
2982418,1
2983533,0
2984297,1
2985565,1
2985643,1
2987404,1
2988864,1
2990195,1
2990927,1
2991744,1
2992633,1
2993381,1
2994945,1
2995413,1
2996964,1
2997378,0
2997624,1
3002836,1
3003160,1
3004608,1
3005900,1
3007406,1
3008052,1
3008844,1
3009646,1
3010989,1
3011677,1
3014467,1
3015277,1
3015868,1
3016822,1
3018900,1
3020445,1
3021128,1
3021265,1
3022898,1
3024359,1
3024400,1
3024589,1
3024867,1
3026342,1
3029710,1
3029864,1
3030138,1
3030623,1
3033290,1
3034714,1
3035734,1
3036058,1
3036229,1
3036485,1
3036932,1
3037273,1
3039722,1
3042429,1
3042626,1
3042822,1
3043208,1
3043565,1
3043596,1
3043947,1
3044610,1
3047210,1
3047378,1
3047796,1
3048359,1
3048996,1
3050781,1
3054768,1
3055080,1
3057834,1
3057957,1
3058082,1
3059435,1
3060635,1
3061050,1
3061322,1
3062797,1
3063179,1
3063366,1
3063676,1
3064567,1
3064662,1
3065332,1
3065745,1
3069031,1
3069536,1
3069995,1
3073872,1
3075723,1
3076538,1
3081365,1
3081808,1
3083263,1
3083492,1
3083635,1
3083822,1
3084407,0
3086038,1
3087412,1
3088293,1
3088446,1
3089138,1
3094363,1
3094579,1
3094795,1
3095193,1
3095722,1
3096000,1
3096326,1
3097667,1
3097785,1
3098236,1
3099554,1
3100216,1
3102364,1
3103446,1
3103623,1
3103969,1
3104287,1
3104378,1
3105402,1
3107454,1
3111543,1
3111661,1
3112289,1
3114112,1
3114614,1
3114716,1
3115760,1
3116832,1
3118932,1
3119714,1
3122933,1
3123133,1
3126094,1
3127264,1
3128836,1
3129698,1
3129841,1
3130386,1
3131772,1
3132160,1
3133503,1
3135838,1
3137668,1
3137905,1
3139079,1
3139665,1
3140148,1
3140661,1
3144351,1
3145515,1
3145619,1
3146582,1
3148155,1
3148852,1
3149876,1
3150567,1
3152187,1
3156270,1
3158670,1
3159565,1
3160028,1
3162677,1
3164919,1
3166859,1
3167888,1
3169198,1
3169553,1
3170599,1
3172467,1
3172468,1
3174820,1
3174896,1
3175559,1
3175887,1
3176252,1
3178467,1
3180508,1
3180821,1
3182013,1
3182074,1
3185536,1
3186370,0
3187667,1
3188010,1
3188808,1
3189078,1
3189157,1
3190002,1
3191092,1
3195416,1
3196382,1
3196526,1
3198430,1
3198827,1
3198890,1
3199435,1
3201646,1
3202413,1
3202559,1
3203549,1
3204108,1
3205052,1
3207401,1
3208996,1
3210482,1
3211568,1
3211856,1
3213134,1
3215246,1
3215561,1
3215867,1
3216752,1
3220607,1
3221153,1
3222334,1
3223401,1
3223419,1
3224158,0
3224372,1
3224548,1
3224833,1
3225510,1
3225516,1
3226222,1
3226844,1
3226913,0
3229730,1
3231341,1
3233430,1
3234447,1
3235079,1
3238360,1
3239472,1
3239534,1
3240529,1
3240603,1
3243892,1
3250479,1
3250486,0
3251387,1
3252185,1
3253394,1
3253965,1
3255310,1
3255844,1
3255918,1
3255935,1
3256294,1
3260314,1
3261696,1
3263708,1
3264884,1
3265520,1
3266418,1
3268993,1
3269616,1
3269836,1
3270496,1
3270665,1
3276193,1
3279776,1
3282221,1
3282500,1
3285847,1
3287862,1
3287957,1
3289525,1
3290921,1
3291342,1
3292569,1
3293413,1
3294300,1
3295544,1
3295732,1
3295941,1
3298566,1
3298824,1
3298865,1
3299182,1
3299573,1
3300454,1
3301507,1
3301537,1
3304158,1
3304503,1
3304652,1
3304671,1
3305429,1
3306270,1
3306823,1
3306941,1
3307403,1
3308072,1
3308104,1
3308310,1
3308461,1
3308545,1
3310893,1
3310992,1
3311650,1
3312164,1
3312455,1
3313070,1
3313818,1
3319067,1
3319205,1
3320316,1
3320500,1
3320692,1
3321229,1
3322385,1
3324244,1
3327633,0
3330092,1
3330235,1
3330293,1
3332312,0
3332581,1
3336231,1
3336790,1
3339181,1
3339466,1
3339526,1
3341257,1
3343419,1
3343571,1
3344868,1
3346628,1
3346687,1
3348416,1
3348424,1
3350759,1
3352116,1
3352633,1
3353258,1
3354814,1
3355403,1
3358758,1
3362893,1
3363560,1
3364865,1
3365449,1
3365698,1
3366219,1
3366566,0
3366828,1
3368441,1
3368739,1
3370781,1
3370858,1
3371034,1
3371083,1
3371543,0
3373933,1
3374236,1
3374686,1
3377331,0
3378823,1
3379336,1
3379533,1
3380183,1
3381273,1
3381623,1
3381734,1
3382210,1
3384186,1
3384515,1
3384584,1
3384989,1
3387838,1
3388141,1
3389951,1
3390966,1
3391575,1
3391610,1
3392502,1
3393932,1
3395152,1
3395536,1
3396822,1
3396899,1
3397688,1
3399120,1
3401678,1
3402285,1
3403279,1
3403661,1
3404229,1
3404840,1
3407321,1
3409352,1
3411197,1
3415198,1
3416792,1
3418617,1
3419840,1
3420060,1
3420301,1
3420858,1
3421323,1
3421605,1
3421870,1
3422079,1
3422414,1
3422446,1
3427076,1
3430097,1
3430229,1
3432304,0
3433098,1
3433336,1
3434316,1
3436286,1
3436558,1
3437041,1
3437196,1
3437362,1
3439092,1
3439224,1
3440310,1
3440380,1
3440396,1
3440698,1
3441322,1
3443445,1
3443489,1
3449048,1
3449645,1
3449900,1
5978036,0
5978045,0
5978048,0
5978049,0
5978054,0
5978055,0
5978058,0
5978065,0
5978066,0
5978081,0
5978090,0
5978094,0
5978095,0
5978096,0
5978110,0
5978114,0
5978115,0
5978118,0
5978121,0
5978124,0
5978131,0
5978147,0
5978150,0
5978151,0
5978156,0
5978169,0
5978174,0
5978190,0
5978194,0
5978211,0
5978218,0
5978219,0
5978220,0
5978222,0
5978228,0
5978231,0
5978233,0
5978236,0
5978243,0
5978245,0
5978253,0
5978255,0
5978256,0
5978257,0
5978261,0
5978266,0
5978270,0
5978275,0
5978281,0
5978283,0
5978286,0
5978287,0
5978291,0
5978293,0
5978296,0
5978298,0
5978300,0
5978306,0
5978311,0
5978316,0
5978319,0
5978321,0
5978322,0
5978324,0
5978325,0
5978330,0
5978334,0
5978340,0
5978342,0
5978346,0
5978350,0
5978352,0
5978353,0
5978354,0
5978358,0
5978359,0
5978367,0
5978369,0
5978376,0
5978379,0
5978380,0
5978384,0
5978387,0
5978392,0
5978398,0
5978406,0
5978407,0
5978408,0
5978409,0
5978417,0
5978420,0
5978423,0
5978424,0
5978428,0
5978438,0
5978441,0
5978454,0
5978457,0
5978464,0
5978465,0
5978466,0
5978467,0
5978469,0
5978475,0
5978479,0
5978496,0
5978500,0
5978511,0
5978521,0
5978522,0
5978523,0
5978525,0
5978526,0
5978532,0
5978539,0
5978540,0
5978541,0
5978542,0
5978545,0
5978547,0
5978548,0
5978550,0
5978551,0
5978559,0
5978561,0
5978564,0
5978566,0
5978570,0
5978579,0
5978584,0
5978586,0
5978587,0
5978588,0
5978595,0
5978596,0
5978614,0
5978623,0
5978624,0
5978635,0
5978636,0
5978640,0
5978642,0
5978646,0
5978653,0
5978660,0
5978667,0
5978669,0
5978677,0
5978679,0
5978680,0
5978682,0
5978688,0
5978689,0
5978698,0
5978700,0
5978701,0
5978703,0
5978710,0
5978713,0
5978716,0
5978720,0
5978729,0
5978746,0
5978750,0
5978755,0
5978762,0
5978763,0
5978765,0
5978770,0
5978774,0
5978787,0
5978788,0
5978790,0
5978797,0
5978801,0
5978810,0
5978812,0
5978816,0
5978817,0
5978822,0
5978826,0
5978838,0
5978841,0
5978847,0
5978854,0
5978857,0
5978858,0
5978861,0
5978876,0
5978881,0
5978882,0
5978887,0
5978893,0
5978899,0
5978903,0
5978912,0
5978916,0
5978926,0
5978930,0
5978933,0
5978937,0
5978938,0
5978946,0
5978950,0
5978952,0
5978969,0
5978972,0
5978975,0
5978976,0
5978977,0
5978986,0
5978987,0
5978999,0
5979002,0
5979007,0
5979009,0
5979011,0
5979015,0
5979017,0
5979022,0
5979039,0
5979041,0
5979056,0
5979059,0
5979067,0
5979071,0
5979073,0
5979078,0
5979085,0
5979088,0
5979089,0
5979095,0
5979099,0
5979106,0
5979116,0
5979122,0
5979129,0
5979142,0
5979159,0
5979168,0
5979181,0
5979186,0
5979187,0
5979188,0
5979192,0
5979196,0
5979198,0
5979199,0
5979201,0
5979204,0
5979205,0
5979215,0
5979216,0
5979219,0
5979231,0
5979238,0
5979239,0
5979242,0
5979244,0
5979249,0
5979252,0
5979254,0
5979262,0
5979267,0
5979269,0
5979271,0
5979276,0
5979280,0
5979290,0
5979293,0
5979302,0
5979303,0
5979305,0
5979313,0
5979315,0
5979318,0
5979321,0
5979322,0
5979325,0
5979327,0
5979331,0
5979334,0
5979336,0
5979339,0
5979349,0
5979351,0
5979355,0
5979363,0
5979368,0
5979369,0
5979370,0
5979376,0
5979377,0
5979381,0
5979386,0
5979393,0
5979394,0
5979395,0
5979396,0
5979397,0
5979411,0
5979420,0
5979421,0
5979422,0
5979423,0
5979436,0
5979440,0
5979443,0
5979449,0
5979450,0
5979453,0
5979457,0
5979459,0
5979462,0
5979481,0
5979492,0
5979495,0
5979498,0
5979505,0
5979508,0
5979511,0
5979513,0
5979516,0
5979518,0
5979521,0
5979522,0
5979528,0
5979533,0
5979535,0
5979538,0
5979539,0
5979545,0
5979547,0
5979556,0
5979557,0
5979564,0
5979566,0
5979576,0
5979577,0
5979583,0
5979588,0
5979598,0
5979611,0
5979613,0
5979614,0
5979615,0
5979618,0
5979619,0
5979621,0
5979643,0
5979645,0
5979657,0
5979675,0
5979678,0
5979685,0
5979686,0
5979687,0
5979689,0
5979693,0
5979698,0
5979704,0
5979706,0
5979713,0
5979723,0
5979726,0
5979744,0
5979746,0
5979748,0
5979752,0
5979771,0
5979776,0
5979779,0
5979791,0
5979792,0
5979795,0
5979797,0
5979804,0
5979806,0
5979830,0
5979834,0
5979846,0
5979864,0
5979868,0
5979871,0
5979873,0
5979879,0
5979880,0
5979881,0
5979887,0
5979889,0
5979894,0
5979904,0
5979907,0
5979910,0
5979920,0
5979940,0
5979947,0
5979949,0
5979950,0
5979951,0
5979955,0
5979959,0
5979961,0
5979966,0
5979968,0
5979977,0
5979980,0
5979982,0
5979983,0
5979994,0
5979996,0
5979997,0
5980018,0
5980021,0
5980023,0
5980027,0
5980063,0
5980072,0
5980077,0
5980083,0
5980091,0
5980094,0
5980095,0
5980102,0
5980106,0
5980107,0
5980110,0
5980115,0
5980117,0
5980119,0
5980125,0
5980139,0
5980151,0
5980160,0
5980171,0
5980177,0
5980180,0
5980186,0
5980191,0
5980194,0
5980201,0
5980204,0
5980211,0
5980215,0
5980220,0
5980224,0
5980228,0
5980234,0
5980250,0
5980252,0
5980255,0
5980266,0
5980268,0
5980279,0
5980285,0
5980289,0
5980291,0
5980292,0
5980299,0
5980306,0
5980308,0
5980312,0
5980314,0
5980328,0
5980329,0
5980333,0
5980346,0
5980349,0
5980353,0
5980356,0
5980357,0
5980360,0
5980367,0
5980383,0
5980384,0
5980385,0
5980389,0
5980395,0
5980425,0
5980426,0
5980430,0
5980439,0
5980444,0
5980445,0
5980455,0
5980463,0
5980469,0
5980480,0
5980493,0
5980505,0
5980506,0
5980516,0
5980524,0
5980528,0
5980538,0
5980545,0
5980552,0
5980555,0
5980556,0
5980566,0
5980574,0
5980575,0
5980578,0
5980582,0
5980585,0
5980586,0
5980592,0
5980596,0
5980604,0
5980605,0
5980606,0
5980641,0
5980648,0
5980657,0
5980663,0
5980669,0
5980670,0
5980671,0
5980674,0
5980675,0
5980676,0
5980677,0
5980681,0
5980690,0
5980692,0
5980693,0
5980695,0
5980702,0
5980704,0
5980705,0
5980706,0
5980709,0
5980711,0
5980730,0
5980731,0
5980735,0
5980743,0
5980747,0
5980750,0
5980761,0
5980776,0
5980778,0
5980779,0
5980781,0
5980783,0
5980786,0
5980800,0
5980805,0
5980815,0
5980818,0
5980820,0
5980825,0
5980836,0
5980840,0
5980842,0
5980850,0
5980851,0
5980853,0
5980856,0
5980857,0
5980861,0
5980862,0
5980870,0
5980875,0
5980882,0
5980894,0
5980901,0
5980904,0
5980914,0
5980919,0
5980922,0
5980937,0
5980940,0
5980943,0
5980944,0
5980945,0
5980946,0
5980960,0
5980970,0
5980972,0
5980986,0
5980993,0
5980994,0
5981007,0
5981014,0
5981025,0
5981026,0
5981029,0
5981033,0
5981034,0
5981041,0
5981043,0
5981057,0
5981066,0
5981076,0
5981081,0
5981101,0
5981102,0
5981107,0
5981109,0
5981115,0
5981123,0
5981124,0
5981130,0
5981131,0
5981132,0
5981136,0
5981140,0
5981147,0
5981153,0
5981156,0
5981160,0
5981161,0
5981167,0
5981174,0
5981175,0
5981179,0
5981180,0
5981183,0
5981186,0
5981189,0
5981191,0
5981195,0
5981197,0
5981199,0
5981200,0
5981204,0
5981210,0
5981213,0
5981214,0
5981217,0
5981221,0
5981222,0
5981237,0
5981238,0
5981240,0
5981246,0
5981253,0
5981256,0
5981262,0
5981276,0
5981278,0
5981290,0
5981292,0
5981298,0
5981301,0
5981311,0
5981319,0
5981323,0
5981327,0
5981329,0
5981330,0
5981333,0
5981334,0
5981336,0
5981345,0
5981346,0
5981348,0
5981352,0
5981367,0
5981371,0
5981378,0
5981389,0
5981391,0
5981392,0
5981396,0
5981408,0
5981412,0
5981415,0
5981432,0
5981435,0
5981443,0
5981451,0
5981468,0
5981475,0
5981476,0
5981481,0
5981482,0
5981485,0
5981488,0
5981489,0
5981490,0
5981491,0
5981493,0
5981498,0
5981501,0
5981506,0
5981509,0
5981518,0
5981519,0
5981525,0
5981537,0
5981538,0
5981542,0
5981546,0
5981558,0
5981565,0
5981566,0
5981579,0
5981590,0
5981596,0
5981604,0
5981612,0
5981613,0
5981614,0
5981621,0
5981628,0
5981629,0
5981634,0
5981635,0
5981637,0
5981651,0
5981654,0
5981655,0
5981663,0
5981665,0
5981666,0
5981672,0
5981690,0
5981694,0
5981711,0
5981715,0
5981716,0
5981722,0
5981725,0
5981728,0
5981736,0
5981740,0
5981742,0
5981746,0
5981761,0
5981763,0
5981769,0
5981774,0
5981798,0
5981812,0
5981813,0
5981825,0
5981829,0
5981836,0
5981838,0
5981860,0
5981862,0
5981871,0
5981875,0
5981880,0
5981881,0
5981882,0
5981884,0
5981885,0
5981892,0
5981895,0
5981896,0
5981903,0
5981905,0
5981916,0
5981917,0
5981927,0
5981928,0
5981930,0
5981931,0
5981936,0
5981942,0
5981949,0
5981950,0
5981953,0
5981954,0
5981960,0
5981963,0
5981964,0
5981968,0
5981970,0
5981980,0
5981985,0
5981986,0
5981992,0
5981994,0
5981995,0
5981997,0
5981998,0
5982000,0
5982001,0
5982010,0
5982016,0
5982025,0
5982035,0
5982039,0
5982040,0
5982045,0
5982054,0
5982071,0
5982072,0
5982076,0
5982079,0
5982082,0
5982084,0
5982095,0
5982097,0
5982103,0
5982112,0
5982119,0
5982122,0
5982131,0
5982136,0
5982138,0
5982144,0
5982153,0
5982160,0
5982164,0
5982168,0
5982172,0
5982173,0
5982183,0
5982189,0
5982192,0
5982203,0
5982208,0
5982213,0
5982215,0
5982218,0
5982221,0
5982226,0
5982227,0
5982232,0
5982233,0
5982239,0
5982243,0
5982248,0
5982249,0
5982252,0
5982254,0
5982264,0
5982266,0
5982268,0
5982277,0
5982278,0
5982281,0
5982282,0
5982284,0
5982288,0
5982289,0
5982292,0
5982303,0
5982311,0
5982316,0
5982318,0
5982322,0
5982341,0
5982348,0
5982353,0
5982364,0
5982367,0
5982369,0
5982370,0
5982378,0
5982389,0
5982391,0
5982413,0
5982415,0
5982421,0
5982423,0
5982434,0
5982439,0
5982455,0
5982460,0
5982463,0
5982464,0
5982484,0
5982487,0
5982493,0
5982494,0
5982504,0
5982505,0
5982518,0
5982520,0
5982524,0
5982526,0
5982530,0
5982534,0
5982535,0
5982536,0
5982544,0
5982550,0
5982569,0
5982571,0
5982579,0
5982583,0
5982589,0
5982592,0
5982608,0
5982615,0
5982616,0
5982620,0
5982623,0
5982630,0
5982631,0
5982633,0
5982634,0
5982639,0
5982641,0
5982650,0
5982651,0
5982656,0
5982658,0
5982659,0
5982665,0
5982666,0
5982670,0
5982679,0
5982680,0
5982681,0
5982685,0
5982689,0
5982692,0
5982693,0
5982694,0
5982695,0
5982696,0
5982700,0
5982701,0
5982706,0
5982710,0
5982712,0
5982713,0
5982721,0
5982726,0
5982730,0
5982733,0
5982740,0
5982745,0
5982751,0
5982752,0
5982764,0
5982779,0
5982783,0
5982792,0
5982798,0
5982813,0
5982822,0
5982831,0
5982832,0
5982837,0
5982842,0
5982844,0
5982863,0
5982872,0
5982876,0
5982878,0
5982882,0
5982890,0
5982900,0
5982901,0
5982902,0
5982903,0
5982908,0
5982912,0
5982913,0
5982918,0
5982921,0
5982933,0
5982936,0
5982939,0
5982944,0
5982951,0
5982954,0
5982975,0
5982976,0
5982977,0
5982978,0
5982992,0
5982999,0
5983025,0
5983027,0
5983031,0
5983036,0
5983043,0
5983045,0
5983046,0
5983048,0
5983053,0
5983068,0
5983070,0
5983078,0
5983086,0
5983087,0
5983094,0
5983098,0
5983099,0
5983105,0
5983118,0
5983128,0
5983133,0
5983139,0
5983147,0
5983158,0
5983176,0
5983179,0
5983182,0
5983197,0
5983199,0
5983207,0
5983211,0
5983212,0
5983213,0
5983221,0
5983223,0
5983228,0
5983235,0
5983236,0
5983244,0
5983259,0
5983260,0
5983261,0
5983263,0
5983273,0
5983274,0
5983277,0
5983280,0
5983283,0
5983284,0
5983294,0
5983297,0
5983298,0
5983302,0
5983314,0
5983320,0
5983324,0
5983327,0
5983329,0
5983330,0
5983343,0
5983346,0
5983351,0
5983357,0
5983364,0
5983377,0
5983383,0
5983385,0
5983389,0
5983397,0
5983404,0
5983405,0
5983412,0
5983419,0
5983421,0
5983426,0
5983431,0
5983463,0
5983469,0
5983471,0
5983474,0
5983482,0
5983483,0
5983486,0
5983487,0
5983490,0
5983494,0
5983498,0
5983500,0
5983502,0
5983506,0
5983509,0
5983513,0
5983526,0
5983531,0
5983532,0
5983534,0
5983550,0
5983579,0
5983580,0
5983588,0
5983597,0
5983599,0
5983605,0
5983619,0
5983624,0
5983631,0
5983635,0
5983641,0
5983649,0
5983650,0
5983651,0
5983656,0
5983666,0
5983669,0
5983671,0
5983672,0
5983673,0
5983674,0
5983676,0
5983678,0
5983692,0
5983702,0
5983711,0
5983712,0
5983724,0
5983726,0
5983733,0
5983734,0
5983735,0
5983738,0
5983755,0
5983756,0
5983757,0
5983758,0
5983769,0
5983770,0
5983771,0
5983775,0
5983778,0
5983780,0
5983795,0
5983799,0
5983806,0
5983816,0
5983822,0
5983825,0
5983828,0
5983834,0
5983840,0
5983841,0
5983843,0
5983844,0
5983845,0
5983853,0
5983861,0
5983863,0
5983867,0
5983878,0
5983880,0
5983882,0
5983892,0
5983896,0
5983899,0
5983905,0
5983936,0
5983937,0
5983940,0
5983946,0
5983956,0
5983957,0
5983958,0
5983959,0
5983964,0
5983965,0
5983969,0
5983971,0
5983974,0
5983978,0
5983980,0
5983995,0
5983996,0
5984001,0
5984006,0
5984019,0
5984021,0
5984026,0
5984030,0
5984035,0
5984045,0
5984055,0
5984057,0
5984059,0
5984062,0
5984067,0
5984073,0
5984084,0
5984087,0
5984090,0
5984100,0
5984101,0
5984103,0
5984105,0
5984106,0
5984107,0
5984125,0
5984129,0
5984130,0
5984139,0
5984142,0
5984159,0
5984160,0
5984164,0
5984166,0
5984177,0
5984178,0
5984180,0
5984187,0
5984201,0
5984206,0
5984208,0
5984211,0
5984212,0
5984218,0
5984219,0
5984221,0
5984226,0
5984234,0
5984247,0
5984251,0
5984272,0
5984277,0
5984284,0
5984293,0
5984296,0
5984308,0
5984309,0
5984321,0
5984324,0
5984325,0
5984335,0
5984339,0
5984345,0
5984347,0
5984349,0
5984366,0
5984370,0
5984374,0
5984377,0
5984380,0
5984382,0
5984404,0
5984405,0
5984414,0
5984415,0
5984417,0
5984426,0
5984438,0
5984441,0
5984443,0
5984444,0
5984446,0
5984449,0
5984459,0
5984464,0
5984468,0
5984469,0
5984471,0
5984472,0
5984479,0
5984488,0
5984489,0
5984493,0
5984494,0
5984499,0
5984501,0
5984505,0
5984508,0
5984512,0
5984519,0
5984520,0
5984521,0
5984523,0
5984553,0
5984581,0
5984584,0
5984587,0
5984592,0
5984605,0
5984607,0
5984610,0
5984637,0
5984640,0
5984643,0
5984646,0
5984649,0
5984654,0
5984656,0
5984657,0
5984658,0
5984664,0
5984669,0
5984677,0
5984679,0
5984684,0
5984691,0
5984695,0
5984697,0
5984698,0
5984699,0
5984709,0
5984714,0
5984718,0
5984721,0
5984723,0
5984730,0
5984737,0
5984739,0
5984745,0
5984750,0
5984768,0
5984775,0
5984778,0
5984780,0
5984781,0
5984793,0
5984795,0
5984796,0
5984804,0
5984809,0
5984816,0
5984819,0
5984822,0
5984824,0
5984828,0
5984834,0
5984851,0
5984852,0
5984861,0
5984865,0
5984870,0
5984875,0
5984877,0
5984893,0
5984898,0
5984900,0
5984902,0
5984909,0
5984911,0
5984915,0
5984918,0
5984931,0
5984935,0
5984946,0
5984947,0
5984949,0
5984950,0
5984970,0
5984976,0
5984977,0
5984980,0
5984983,0
5984984,0
5984989,0
5984992,0
5984995,0
5984998,0
5985005,0
5985006,0
5985007,0
5985010,0
5985029,0
5985032,0
5985041,0
5985045,0
5985054,0
5985059,0
5985060,0
5985064,0
5985075,0
5985078,0
5985079,0
5985081,0
5985085,0
5985095,0
5985097,0
5985099,0
5985101,0
5985110,0
5985114,0
5985118,0
5985121,0
5985125,0
5985127,0
5985129,0
5985137,0
5985138,0
5985145,0
5985149,0
5985158,0
5985160,0
5985170,0
5985171,0
5985175,0
5985179,0
5985190,0
5985193,0
5985199,0
5985204,0
5985205,0
5985210,0
5985213,0
5985225,0
5985228,0
5985230,0
5985233,0
5985236,0
5985244,0
5985246,0
5985248,0
5985249,0
5985252,0
5985253,0
5985254,0
5985255,0
5985258,0
5985259,0
5985260,0
5985262,0
5985263,0
5985265,0
5985269,0
5985271,0
5985282,0
5985284,0
5985287,0
5985311,0
5985318,0
5985320,0
5985328,0
5985329,0
5985344,0
5985351,0
5985353,0
5985360,0
5985380,0
5985381,0
5985382,0
5985384,0
5985394,0
5985397,0
5985401,0
5985404,0
5985426,0
5985429,0
5985440,0
5985446,0
5985456,0
5985462,0
5985465,0
5985467,0
5985468,0
5985469,0
5985474,0
5985478,0
5985480,0
5985485,0
5985486,0
5985487,0
5985491,0
5985494,0
5985500,0
5985503,0
5985509,0
5985519,0
5985533,0
5985542,0
5985543,0
5985549,0
5985554,0
5985555,0
5985557,0
5985560,0
5985568,0
5985575,0
5985578,0
5985580,0
5985582,0
5985583,0
5985588,0
5985589,0
5985593,0
5985594,0
5985598,0
5985603,0
5985611,0
5985613,0
5985615,0
5985616,0
5985617,0
5985622,0
5985630,0
5985636,0
5985637,0
5985640,0
5985649,0
5985650,0
5985652,0
5985653,0
5985659,0
5985666,0
5985669,0
5985672,0
5985673,0
5985675,0
5985680,0
5985682,0
5985684,0
5985689,0
5985690,0
5985691,0
5985698,0
5985701,0
5985703,0
5985707,0
5985708,0
5985712,0
5985718,0
5985723,0
5985725,0
5985726,0
5985730,0
5985742,0
5985748,0
5985749,0
5985757,0
5985760,0
5985766,0
5985770,0
5985772,0
5985778,0
5985783,0
5985784,0
5985787,0
5985788,0
5985789,0
5985790,0
5985802,0
5985810,0
5985812,0
5985816,0
5985818,0
5985824,0
5985836,0
5985838,0
5985843,0
5985845,0
5985848,0
5985850,0
5985853,0
5985854,0
5985863,0
5985874,0
5985875,0
5985879,0
5985890,0
5985891,0
5985896,0
5985900,0
5985903,0
5985909,0
5985911,0
5985913,0
5985916,0
5985919,0
5985921,0
5985922,0
5985926,0
5985933,0
5985940,0
5985943,0
5985946,0
5985947,0
5985951,0
5985953,0
5985959,0
5985971,0
5985975,0
5985987,0
5985988,0
5985991,0
5985992,0
5985996,0
5985997,0
5985998,0
5986000,0
5986001,0
5986011,0
5986015,0
5986020,0
5986021,0
5986024,0
5986025,0
5986029,0
5986031,0
5986032,0
5986034,0
5986041,0
5986043,0
5986052,0
5986053,0
5986055,0
5986056,0
5986062,0
5986066,0
5986069,0
5986074,0
5986076,0
5986081,0
5986097,0
5986099,0
5986101,0
5986112,0
5986128,0
5986133,0
5986137,0
5986138,0
5986150,0
5986157,0
5986158,0
5986162,0
5986170,0
5986172,0
5986174,0
5986178,0
5986180,0
5986201,0
5986205,0
5986216,0
5986222,0
5986229,0
5986241,0
5986242,0
5986243,0
5986259,0
5986263,0
5986267,0
5986287,0
5986289,0
5986293,0
5986300,0
5986305,0
5986307,0
5986308,0
5986310,0
5986315,0
5986317,0
5986332,0
5986333,0
5986337,0
5986338,0
5986339,0
5986340,0
5986343,0
5986345,0
5986348,0
5986354,0
5986355,0
5986359,0
5986362,0
5986363,0
5986366,0
5986376,0
5986380,0
5986384,0
5986385,0
5986396,0
5986401,0
5986403,0
5986412,0
5986416,0
5986417,0
5986418,0
5986420,0
5986427,0
5986431,0
5986434,0
5986437,0
5986438,0
5986440,0
5986448,0
5986449,0
5986460,0
5986463,0
5986464,0
5986473,0
5986480,0
5986481,0
5986484,0
5986485,0
5986500,0
5986501,0
5986502,0
5986504,0
5986513,0
5986523,0
5986529,0
5986531,0
5986543,0
5986552,0
5986553,0
5986557,0
5986565,0
5986568,0
5986569,0
5986575,0
5986579,0
5986582,0
5986586,0
5986588,0
5986589,0
5986590,0
5986593,0
5986596,0
5986605,0
5986614,0
5986617,0
5986619,0
5986627,0
5986628,0
5986640,0
5986647,0
5986652,0
5986663,0
5986672,0
5986674,0
5986676,0
5986677,0
5986682,0
5986686,0
5986687,0
5986697,0
5986701,0
5986703,0
5986704,0
5986705,0
5986710,0
5986712,0
5986714,0
5986717,0
5986722,0
5986724,0
5986726,0
5986750,0
5986751,0
5986757,0
5986758,0
5986761,0
5986765,0
5986773,0
5986777,0
5986788,0
5986802,0
5986804,0
5986809,0
5986812,0
5986819,0
5986821,0
5986823,0
5986829,0
5986833,0
5986837,0
5986838,0
5986841,0
5986845,0
5986847,0
5986849,0
5986856,0
5986859,0
5986862,0
5986872,0
5986877,0
5986882,0
5986896,0
5986897,0
5986898,0
5986899,0
5986905,0
5986907,0
5986909,0
5986911,0
5986913,0
5986916,0
5986922,0
5986926,0
5986928,0
5986933,0
5986938,0
5986939,0
5986941,0
5986943,0
5986949,0
5986950,0
5986957,0
5986964,0
5986968,0
5986969,0
5986973,0
5986977,0
5986981,0
5986994,0
5986996,0
5987000,0
5987002,0
5987005,0
5987006,0
5987021,0
5987024,0
5987038,0
5987039,0
5987044,0
5987054,0
5987055,0
5987067,0
5987074,0
5987079,0
5987087,0
5987089,0
5987094,0
5987096,0
5987099,0
5987101,0
5987108,0
5987110,0
5987111,0
5987112,0
5987115,0
5987123,0
5987127,0
5987131,0
5987139,0
5987143,0
5987145,0
5987147,0
5987148,0
5987153,0
5987154,0
5987159,0
5987160,0
5987166,0
5987173,0
5987179,0
5987184,0
5987187,0
5987190,0
5987205,0
5987210,0
5987216,0
5987230,0
5987232,0
5987233,0
5987236,0
5987253,0
5987262,0
5987265,0
5987266,0
5987267,0
5987273,0
5987275,0
5987276,0
5987280,0
5987290,0
5987291,0
5987297,0
5987299,0
5987301,0
5987303,0
5987312,0
5987317,0
5987324,0
5987325,0
5987339,0
5987340,0
5987342,0
5987353,0
5987365,0
5987367,0
5987368,0
5987369,0
5987370,0
5987374,0
5987375,0
5987378,0
5987379,0
5987381,0
5987393,0
5987409,0
5987414,0
5987419,0
5987422,0
5987426,0
5987428,0
5987444,0
5987445,0
5987446,0
5987447,0
5987449,0
5987457,0
5987459,0
5987464,0
5987467,0
5987469,0
5987474,0
5987480,0
5987492,0
5987494,0
5987495,0
5987496,0
5987501,0
5987502,0
5987506,0
5987508,0
5987509,0
5987511,0
5987512,0
5987517,0
5987518,0
5987519,0
5987525,0
5987528,0
5987535,0
5987540,0
5987542,0
5987557,0
5987566,0
5987567,0
5987569,0
5987573,0
5987574,0
5987579,0
5987583,0
5987587,0
5987590,0
5987593,0
5987600,0
5987605,0
5987609,0
5987611,0
5987612,0
5987616,0
5987627,0
5987628,0
5987646,0
5987650,0
5987656,0
5987661,0
5987662,0
5987668,0
5987673,0
5987674,0
5987679,0
5987681,0
5987682,0
5987692,0
5987695,0
5987716,0
5987720,0
5987721,0
5987725,0
5987727,0
5987732,0
5987747,0
5987748,0
5987751,0
5987759,0
5987761,0
5987766,0
5987767,0
5987770,0
5987780,0
5987782,0
5987784,0
5987787,0
5987798,0
5987804,0
5987823,0
5987826,0
5987836,0
5987839,0
5987848,0
5987850,0
5987857,0
5987860,0
5987867,0
5987876,0
5987878,0
5987882,0
5987888,0
5987892,0
5987898,0
5987903,0
5987905,0
5987906,0
5987908,0
5987920,0
5987929,0
5987935,0
5987939,0
5987941,0
5987942,0
5987946,0
5987948,0
5987949,0
5987955,0
5987961,0
5987963,0
5987968,0
5987972,0
5987977,0
5987979,0
5987988,0
5987989,0
5987990,0
5987992,0
5988012,0
5988019,0
5988024,0
5988028,0
5988034,0
5988040,0
5988042,0
5988044,0
5988054,0
5988055,0
5988063,0
5988066,0
5988067,0
5988069,0
5988074,0
5988075,0
5988083,0
5988089,0
5988096,0
5988098,0
5988099,0
5988104,0
5988106,0
5988110,0
5988113,0
5988114,0
5988120,0
5988126,0
5988145,0
5988150,0
5988151,0
5988152,0
5988154,0
5988163,0
5988169,0
5988177,0
5988181,0
5988183,0
5988196,0
5988198,0
5988204,0
5988207,0
5988211,0
5988216,0
5988219,0
5988221,0
5988229,0
5988237,0
5988244,0
5988245,0
5988248,0
5988249,0
5988256,0
5988267,0
5988279,0
5988297,0
5988299,0
5988303,0
5988308,0
5988313,0
5988318,0
5988334,0
5988351,0
5988354,0
5988355,0
5988359,0
5988362,0
5988370,0
5988372,0
5988377,0
5988378,0
5988386,0
5988388,0
5988389,0
5988394,0
5988395,0
5988404,0
5988417,0
5988418,0
5988419,0
5988423,0
5988428,0
5988430,0
5988431,0
5988441,0
5988443,0
5988447,0
5988453,0
5988464,0
5988469,0
5988480,0
5988481,0
5988482,0
5988491,0
5988494,0
5988497,0
5988501,0
5988503,0
5988525,0
5988536,0
5988539,0
5988542,0
5988544,0
5988548,0
5988551,0
5988552,0
5988557,0
5988563,0
5988567,0
5988568,0
5988573,0
5988574,0
5988582,0
5988583,0
5988586,0
5988589,0
5988592,0
5988616,0
5988627,0
5988628,0
5988629,0
5988630,0
5988634,0
5988636,0
5988638,0
5988640,0
5988644,0
5988648,0
5988653,0
5988654,0
5988656,0
5988663,0
5988668,0
5988670,0
5988676,0
5988681,0
5988682,0
5988689,0
5988692,0
5988696,0
5988698,0
5988704,0
5988708,0
5988710,0
5988712,0
5988723,0
5988728,0
5988737,0
5988741,0
5988750,0
5988751,0
5988753,0
5988754,0
5988755,0
5988777,0
5988779,0
5988785,0
5988802,0
5988808,0
5988810,0
5988833,0
5988834,0
5988840,0
5988843,0
5988866,0
5988871,0
5988881,0
5988882,0
5988883,0
5988885,0
5988898,0
5988909,0
5988911,0
5988933,0
5988938,0
5988940,0
5988948,0
5988952,0
5988953,0
5988957,0
5988961,0
5988962,0
5988963,0
5988969,0
5988972,0
5988978,0
5988985,0
5988986,0
5988990,0
5988994,0
5989000,0
5989001,0
5989002,0
5989022,0
5989023,0
5989039,0
5989049,0
5989050,0
5989058,0
5989064,0
5989084,0
5989087,0
5989088,0
5989089,0
5989107,0
5989109,0
5989110,0
5989113,0
5989118,0
5989126,0
5989129,0
5989140,0
5989142,0
5989146,0
5989147,0
5989148,0
5989149,0
5989155,0
5989169,0
5989174,0
5989179,0
5989180,0
5989181,0
5989184,0
5989187,0
5989201,0
5989207,0
5989214,0
5989215,0
5989216,0
5989218,0
5989220,0
5989228,0
5989229,0
5989237,0
5989248,0
5989249,0
5989256,0
5989266,0
5989267,0
5989279,0
5989282,0
5989284,0
5989295,0
5989297,0
5989301,0
5989306,0
5989310,0
5989318,0
5989320,0
5989324,0
5989325,0
5989331,0
5989336,0
5989339,0
5989347,0
5989351,0
5989355,0
5989359,0
5989367,0
5989368,0
5989374,0
5989389,0
5989396,0
5989398,0
5989399,0
5989406,0
5989415,0
5989425,0
5989435,0
5989440,0
5989441,0
5989442,0
5989445,0
5989448,0
5989449,0
5989453,0
5989467,0
5989470,0
5989479,0
5989495,0
5989503,0
5989510,0
5989511,0
5989520,0
5989522,0
5989525,0
5989526,0
5989554,0
5989556,0
5989558,0
5989560,0
5989571,0
5989572,0
5989592,0
5989599,0
5989603,0
5989604,0
5989610,0
5989617,0
5989624,0
5989626,0
5989636,0
5989642,0
5989645,0
5989646,0
5989649,0
5989650,0
5989651,0
5989654,0
5989655,0
5989662,0
5989666,0
5989667,0
5989669,0
5989670,0
5989671,0
5989677,0
5989686,0
5989699,0
5989702,0
5989704,0
5989707,0
5989710,0
5989714,0
5989718,0
5989721,0
5989722,0
5989725,0
5989736,0
5989737,0
5989744,0
5989746,0
5989747,0
5989749,0
5989750,0
5989759,0
5989760,0
5989765,0
5989771,0
5989773,0
5989774,0
5989782,0
5989789,0
5989791,0
5989797,0
5989804,0
5989818,0
5989821,0
5989824,0
5989837,0
5989841,0
5989846,0
5989848,0
5989858,0
5989861,0
5989864,0
5989865,0
5989868,0
5989875,0
5989876,0
5989878,0
5989883,0
5989884,0
5989899,0
5989900,0
5989901,0
5989906,0
5989907,0
5989908,0
5989918,0
5989922,0
5989927,0
5989928,0
5989938,0
5989940,0
5989942,0
5989947,0
5989948,0
5989953,0
5989959,0
5989960,0
5989963,0
5989964,0
5989971,0
5989977,0
5989982,0
5990009,0
5990013,0
5990014,0
5990017,0
5990022,0
5990026,0
5990032,0
5990033,0
5990037,0
5990046,0
5990053,0
5990061,0
5990068,0
5990076,0
5990078,0
5990081,0
5990083,0
5990089,0
5990090,0
5990096,0
5990101,0
5990105,0
5990108,0
5990111,0
5990114,0
5990116,0
5990121,0
5990123,0
5990127,0
5990130,0
5990134,0
5990136,0
5990139,0
5990146,0
5990147,0
5990154,0
5990166,0
5990168,0
5990172,0
5990176,0
5990178,0
5990182,0
5990184,0
5990186,0
5990188,0
5990192,0
5990204,0
5990212,0
5990218,0
5990231,0
5990235,0
5990236,0
5990240,0
5990242,0
5990249,0
5990250,0
5990252,0
5990254,0
5990258,0
5990260,0
5990268,0
5990272,0
5990275,0
5990279,0
5990282,0
5990311,0
5990312,0
5990318,0
5990323,0
5990325,0
5990326,0
5990339,0
5990342,0
5990346,0
5990351,0
5990353,0
5990357,0
5990359,0
5990368,0
5990371,0
5990373,0
5990378,0
5990381,0
5990387,0
5990388,0
5990392,0
5990397,0
5990408,0
5990410,0
5990414,0
5990416,0
5990423,0
5990439,0
5990442,0
5990443,0
5990450,0
5990454,0
5990456,0
5990460,0
5990462,0
5990474,0
5990478,0
5990490,0
5990495,0
5990498,0
5990499,0
5990500,0
5990502,0
5990510,0
5990512,0
5990519,0
5990524,0
5990535,0
5990538,0
5990540,0
5990541,0
5990546,0
5990548,0
5990552,0
5990555,0
5990567,0
5990575,0
5990579,0
5990587,0
5990593,0
5990596,0
5990610,0
5990613,0
5990617,0
5990624,0
5990629,0
5990630,0
5990632,0
5990635,0
5990637,0
5990648,0
5990663,0
5990671,0
5990676,0
5990678,0
5990679,0
5990683,0
5990684,0
5990693,0
5990697,0
5990698,0
5990702,0
5990707,0
5990710,0
5990711,0
5990723,0
5990727,0
5990735,0
5990736,0
5990737,0
5990742,0
5990745,0
5990758,0
5990763,0
5990765,0
5990767,0
5990769,0
5990771,0
5990772,0
5990778,0
5990779,0
5990782,0
5990783,0
5990788,0
5990793,0
5990794,0
5990798,0
5990805,0
5990808,0
5990810,0
5990814,0
5990817,0
5990831,0
5990839,0
5990841,0
5990844,0
5990847,0
5990850,0
5990860,0
5990866,0
5990876,0
5990878,0
5990888,0
5990890,0
5990895,0
5990897,0
5990905,0
5990916,0
5990918,0
5990922,0
5990936,0
5990949,0
5990951,0
5990953,0
5990965,0
5990981,0
5990983,0
5990984,0
5990991,0
5990999,0
5991025,0
5991029,0
5991030,0
5991033,0
5991049,0
5991056,0
5991057,0
5991059,0
5991061,0
5991064,0
5991065,0
5991069,0
5991071,0
5991077,0
5991080,0
5991083,0
5991093,0
5991096,0
5991102,0
5991104,0
5991106,0
5991121,0
5991123,0
5991125,0
5991134,0
5991136,0
5991141,0
5991144,0
5991151,0
5991153,0
5991155,0
5991162,0
5991167,0
5991168,0
5991177,0
5991183,0
5991187,0
5991188,0
5991195,0
5991196,0
5991198,0
5991208,0
5991217,0
5991218,0
5991222,0
5991223,0
5991237,0
5991249,0
5991251,0
5991257,0
5991259,0
5991260,0
5991264,0
5991267,0
5991269,0
5991280,0
5991293,0
5991296,0
5991297,0
5991300,0
5991301,0
5991305,0
5991306,0
5991308,0
5991311,0
5991316,0
5991317,0
5991329,0
5991334,0
5991362,0
5991373,0
5991381,0
5991390,0
5991397,0
5991399,0
5991400,0
5991403,0
5991414,0
5991421,0
5991424,0
5991425,0
5991427,0
5991428,0
5991430,0
5991437,0
5991443,0
5991447,0
5991453,0
5991462,0
5991471,0
5991473,0
5991477,0
5991493,0
5991496,0
5991497,0
5991507,0
5991512,0
5991516,0
5991518,0
5991528,0
5991535,0
5991539,0
5991547,0
5991549,0
5991550,0
5991561,0
5991565,0
5991568,0
5991570,0
5991572,0
5991573,0
5991574,0
5991575,0
5991577,0
5991578,0
5991580,0
5991582,0
5991584,0
5991587,0
5991594,0
5991596,0
5991599,0
5991603,0
5991606,0
5991608,0
5991618,0
5991622,0
5991623,0
5991633,0
5991634,0
5991639,0
5991646,0
5991650,0
5991651,0
5991661,0
5991662,0
5991665,0
5991681,0
5991684,0
5991685,0
5991692,0
5991693,0
5991696,0
5991698,0
5991704,0
5991720,0
5991726,0
5991730,0
5991744,0
5991745,0
5991747,0
5991748,0
5991758,0
5991766,0
5991768,0
5991769,0
5991775,0
5991780,0
5991787,0
5991795,0
5991796,0
5991801,0
5991807,0
5991809,0
5991815,0
5991819,0
5991828,0
5991830,0
5991833,0
5991835,0
5991844,0
5991852,0
5991854,0
5991855,0
5991860,0
5991872,0
5991873,0
5991879,0
5991880,0
5991887,0
5991889,0
5991890,0
5991902,0
5991903,0
5991905,0
5991918,0
5991920,0
5991927,0
5991939,0
5991941,0
5991944,0
5991953,0
5991960,0
5991966,0
5991968,0
5991978,0
5991985,0
5991989,0
5991991,0
5992003,0
5992017,0
5992019,0
5992022,0
5992024,0
5992028,0
5992032,0
5992033,0
5992034,0
5992035,0
5992038,0
5992039,0
5992041,0
5992044,0
5992054,0
5992056,0
5992064,0
5992065,0
5992076,0
5992077,0
5992078,0
5992087,0
5992092,0
5992112,0
5992116,0
5992119,0
5992121,0
5992122,0
5992123,0
5992125,0
5992137,0
5992145,0
5992154,0
5992158,0
5992162,0
5992167,0
5992175,0
5992186,0
5992190,0
5992194,0
5992208,0
5992214,0
5992215,0
5992227,0
5992236,0
5992241,0
5992250,0
5992254,0
5992255,0
5992256,0
5992257,0
5992265,0
5992266,0
5992282,0
5992283,0
5992288,0
5992291,0
5992294,0
5992297,0
5992298,0
5992306,0
5992312,0
5992315,0
5992317,0
5992321,0
5992323,0
5992342,0
5992343,0
5992345,0
5992348,0
5992350,0
5992352,0
5992353,0
5992355,0
5992356,0
5992374,0
5992377,0
5992385,0
5992394,0
5992395,0
5992397,0
5992409,0
5992411,0
5992422,0
5992431,0
5992436,0
5992442,0
5992446,0
5992449,0
5992458,0
5992465,0
5992473,0
5992474,0
5992481,0
5992483,0
5992486,0
5992487,0
5992489,0
5992498,0
5992502,0
5992504,0
5992505,0
5992507,0
5992523,0
5992526,0
5992529,0
5992530,0
5992533,0
5992545,0
5992547,0
5992549,0
5992552,0
5992553,0
5992554,0
5992555,0
5992557,0
5992558,0
5992559,0
5992560,0
5992571,0
5992572,0
5992574,0
5992584,0
5992587,0
5992590,0
5992593,0
5992599,0
5992607,0
5992614,0
5992615,0
5992617,0
5992624,0
5992643,0
5992645,0
5992654,0
5992657,0
5992658,0
5992662,0
5992669,0
5992671,0
5992676,0
5992678,0
5992687,0
5992701,0
5992702,0
5992703,0
5992704,0
5992709,0
5992710,0
5992715,0
5992723,0
5992729,0
5992733,0
5992736,0
5992745,0
5992748,0
5992751,0
5992762,0
5992766,0
5992769,0
5992774,0
5992776,0
5992780,0
5992782,0
5992788,0
5992794,0
5992811,0
5992814,0
5992816,0
5992822,0
5992829,0
5992833,0
5992837,0
5992841,0
5992843,0
5992844,0
5992847,0
5992853,0
5992859,0
5992860,0
5992862,0
5992866,0
5992867,0
5992868,0
5992877,0
5992878,0
5992881,0
5992895,0
5992898,0
5992907,0
5992916,0
5992922,0
5992923,0
5992929,0
5992931,0
5992932,0
5992936,0
5992954,0
5992955,0
5992958,0
5992963,0
5992964,0
5992969,0
5992983,0
5992991,0
5992998,0
5992999,0
5993005,0
5993018,0
5993020,0
5993021,0
5993033,0
5993034,0
5993042,0
5993046,0
5993064,0
5993066,0
5993068,0
5993069,0
5993070,0
5993072,0
5993073,0
5993079,0
5993080,0
5993105,0
5993117,0
5993126,0
5993127,0
5993139,0
5993155,0
5993158,0
5993164,0
5993170,0
5993175,0
5993179,0
5993180,0
5993181,0
5993182,0
5993184,0
5993185,0
5993186,0
5993209,0
5993214,0
5993215,0
5993220,0
5993226,0
5993227,0
5993230,0
5993246,0
5993249,0
5993250,0
5993259,0
5993263,0
5993267,0
5993282,0
5993285,0
5993286,0
5993299,0
5993308,0
5993310,0
5993315,0
5993316,0
5993319,0
5993326,0
5993334,0
5993340,0
5993342,0
5993347,0
5993353,0
5993362,0
5993363,0
5993372,0
5993373,0
5993374,0
5993380,0
5993387,0
5993392,0
5993393,0
5993394,0
5993404,0
5993407,0
5993412,0
5993413,0
5993421,0
5993423,0
5993426,0
5993437,0
5993438,0
5993445,0
5993458,0
5993459,0
5993461,0
5993467,0
5993478,0
5993481,0
5993486,0
5993487,0
5993490,0
5993494,0
5993496,0
5993509,0
5993511,0
5993514,0
5993523,0
5993527,0
5993528,0
5993529,0
5993537,0
5993538,0
5993542,0
5993548,0
5993551,0
5993557,0
5993558,0
5993561,0
5993572,0
5993573,0
5993580,0
5993585,0
5993599,0
5993620,0
5993621,0
5993622,0
5993623,0
5993633,0
5993638,0
5993647,0
5993652,0
5993672,0
5993673,0
5993681,0
5993684,0
5993687,0
5993691,0
5993693,0
5993696,0
5993705,0
5993710,0
5993712,0
5993716,0
5993722,0
5993724,0
5993726,0
5993738,0
5993741,0
5993745,0
5993750,0
5993752,0
5993757,0
5993759,0
5993760,0
5993777,0
5993781,0
5993782,0
5993790,0
5993795,0
5993803,0
5993804,0
5993805,0
5993807,0
5993808,0
5993818,0
5993829,0
5993833,0
5993837,0
5993838,0
5993840,0
5993849,0
5993851,0
5993853,0
5993857,0
5993865,0
5993866,0
5993868,0
5993870,0
5993874,0
5993875,0
5993877,0
5993886,0
5993893,0
5993894,0
5993895,0
5993903,0
5993904,0
5993907,0
5993913,0
5993925,0
5993929,0
5993942,0
5993957,0
5993964,0
5993976,0
5993983,0
5993986,0
5993987,0
5994004,0
5994005,0
5994010,0
5994012,0
5994018,0
5994020,0
5994021,0
5994023,0
5994027,0
5994033,0
5994049,0
5994052,0
5994057,0
5994059,0
5994061,0
5994068,0
5994069,0
5994086,0
5994087,0
5994091,0
5994103,0
5994107,0
5994124,0
5994127,0
5994128,0
5994129,0
5994133,0
5994135,0
5994136,0
5994142,0
5994158,0
5994168,0
5994179,0
5994182,0
5994194,0
5994195,0
5994200,0
5994201,0
5994205,0
5994213,0
5994215,0
5994221,0
5994228,0
5994234,0
5994242,0
5994252,0
5994268,0
5994269,0
5994270,0
5994272,0
5994279,0
5994284,0
5994297,0
5994312,0
5994316,0
5994326,0
5994331,0
5994340,0
5994347,0
5994352,0
5994360,0
5994363,0
5994364,0
5994367,0
5994368,0
5994371,0
5994372,0
5994373,0
5994376,0
5994383,0
5994384,0
5994385,0
5994387,0
5994391,0
5994396,0
5994402,0
5994408,0
5994410,0
5994412,0
5994423,0
5994432,0
5994446,0
5994460,0
5994467,0
5994471,0
5994472,0
5994477,0
5994478,0
5994482,0
5994491,0
5994498,0
5994512,0
5994513,0
5994517,0
5994524,0
5994551,0
5994553,0
5994561,0
5994563,0
5994577,0
5994594,0
5994597,0
5994607,0
5994613,0
5994622,0
5994628,0
5994632,0
5994637,0
5994646,0
5994660,0
5994663,0
5994669,0
5994674,0
5994684,0
5994689,0
5994697,0
5994699,0
5994704,0
5994705,0
5994708,0
5994709,0
5994711,0
5994716,0
5994717,0
5994721,0
5994735,0
5994740,0
5994743,0
5994744,0
5994749,0
5994755,0
5994760,0
5994763,0
5994766,0
5994772,0
5994775,0
5994777,0
5994778,0
5994781,0
5994784,0
5994786,0
5994788,0
5994793,0
5994794,0
5994795,0
5994796,0
5994797,0
5994804,0
5994805,0
5994807,0
5994816,0
5994820,0
5994830,0
5994831,0
5994834,0
5994835,0
5994836,0
5994854,0
5994858,0
5994863,0
5994867,0
5994880,0
5994887,0
5994892,0
5994896,0
5994904,0
5994905,0
5994911,0
5994913,0
5994915,0
5994924,0
5994936,0
5994951,0
5994953,0
5994954,0
5994957,0
5994962,0
5994969,0
5994972,0
5994974,0
5994975,0
5994990,0
5994992,0
5994998,0
5995004,0
5995005,0
5995020,0
5995024,0
5995026,0
5995034,0
5995037,0
5995040,0
5995054,0
5995059,0
5995064,0
5995065,0
5995070,0
5995073,0
5995089,0
5995090,0
5995091,0
5995096,0
5995103,0
5995104,0
5995111,0
5995113,0
5995142,0
5995145,0
5995155,0
5995157,0
5995163,0
5995165,0
5995166,0
5995167,0
5995170,0
5995172,0
5995173,0
5995178,0
5995185,0
5995189,0
5995194,0
5995196,0
5995203,0
5995204,0
5995211,0
5995212,0
5995221,0
5995225,0
5995226,0
5995234,0
5995247,0
5995248,0
5995258,0
5995274,0
5995278,0
5995284,0
5995288,0
5995291,0
5995296,0
5995303,0
5995304,0
5995305,0
5995316,0
5995322,0
5995338,0
5995346,0
5995347,0
5995349,0
5995350,0
5995365,0
5995366,0
5995369,0
5995375,0
5995385,0
5995391,0
5995396,0
5995405,0
5995409,0
5995416,0
5995419,0
5995422,0
5995435,0
5995439,0
5995442,0
5995452,0
5995458,0
5995473,0
5995486,0
5995488,0
5995489,0
5995490,0
5995493,0
5995497,0
5995500,0
5995502,0
5995504,0
5995507,0
5995524,0
5995528,0
5995538,0
5995542,0
5995544,0
5995555,0
5995556,0
5995557,0
5995558,0
5995559,0
5995561,0
5995568,0
5995573,0
5995579,0
5995580,0
5995583,0
5995584,0
5995588,0
5995594,0
5995595,0
5995597,0
5995605,0
5995607,0
5995611,0
5995614,0
5995615,0
5995624,0
5995626,0
5995628,0
5995629,0
5995633,0
5995635,0
5995636,0
5995638,0
5995639,0
5995646,0
5995657,0
5995666,0
5995676,0
5995679,0
5995689,0
5995694,0
5995696,0
5995701,0
5995708,0
5995712,0
5995713,0
5995722,0
5995724,0
5995734,0
5995739,0
5995753,0
5995759,0
5995762,0
5995765,0
5995767,0
5995780,0
5995788,0
5995793,0
5995810,0
5995822,0
5995825,0
5995828,0
5995833,0
5995837,0
5995840,0
5995842,0
5995844,0
5995851,0
5995853,0
5995855,0
5995856,0
5995862,0
5995871,0
5995873,0
5995884,0
5995888,0
5995896,0
5995900,0
5995903,0
5995913,0
5995915,0
5995933,0
5995942,0
5995950,0
5995953,0
5995955,0
5995958,0
5995975,0
5995983,0
5995986,0
5995989,0
5995990,0
5995991,0
5995993,0
5995995,0
5995996,0
5995998,0
5996006,0
5996014,0
5996020,0
5996026,0
5996030,0
5996039,0
5996042,0
5996046,0
5996051,0
5996053,0
5996067,0
5996069,0
5996072,0
5996080,0
5996086,0
5996092,0
5996094,0
5996100,0
5996113,0
5996114,0
5996115,0
5996120,0
5996121,0
5996124,0
5996129,0
5996131,0
5996144,0
5996146,0
5996147,0
5996149,0
5996154,0
5996162,0
5996166,0
5996168,0
5996169,0
5996191,0
5996193,0
5996195,0
5996197,0
5996199,0
5996211,0
5996216,0
5996217,0
5996220,0
5996228,0
5996234,0
5996235,0
5996238,0
5996239,0
5996241,0
5996242,0
5996245,0
5996252,0
5996265,0
5996266,0
5996267,0
5996278,0
5996279,0
5996281,0
5996288,0
5996291,0
5996310,0
5996314,0
5996324,0
5996333,0
5996334,0
5996338,0
5996339,0
5996354,0
5996355,0
5996360,0
5996364,0
5996380,0
5996389,0
5996407,0
5996409,0
5996426,0
5996427,0
5996435,0
5996437,0
5996442,0
5996449,0
5996453,0
5996455,0
5996460,0
5996474,0
5996479,0
5996487,0
5996488,0
5996494,0
5996504,0
5996508,0
5996521,0
5996526,0
5996532,0
5996537,0
5996539,0
5996543,0
5996545,0
5996548,0
5996555,0
5996560,0
5996566,0
5996571,0
5996574,0
5996577,0
5996584,0
5996600,0
5996606,0
5996613,0
5996614,0
5996627,0
5996631,0
5996635,0
5996640,0
5996643,0
5996644,0
5996650,0
5996652,0
5996654,0
5996655,0
5996662,0
5996663,0
5996664,0
5996676,0
5996680,0
5996682,0
5996683,0
5996688,0
5996695,0
5996707,0
5996716,0
5996734,0
5996735,0
5996738,0
5996741,0
5996742,0
5996750,0
5996753,0
5996756,0
5996777,0
5996781,0
5996786,0
5996793,0
5996795,0
5996798,0
5996799,0
5996803,0
5996816,0
5996829,0
5996845,0
5996849,0
5996854,0
5996858,0
5996860,0
5996862,0
5996866,0
5996870,0
5996871,0
5996874,0
5996875,0
5996878,0
5996894,0
5996898,0
5996901,0
5996902,0
5996905,0
5996908,0
5996918,0
5996922,0
5996926,0
5996931,0
5996935,0
5996936,0
5996937,0
5996944,0
5996949,0
5996956,0
5996961,0
5996969,0
5996970,0
5996972,0
5996979,0
5996981,0
5996986,0
5996990,0
5996991,0
5996993,0
5996996,0
5996997,0
5997000,0
5997008,0
5997018,0
5997038,0
5997047,0
5997058,0
5997059,0
5997073,0
5997077,0
5997078,0
5997085,0
5997088,0
5997099,0
5997101,0
5997106,0
5997111,0
5997115,0
5997120,0
5997121,0
5997125,0
5997136,0
5997138,0
5997139,0
5997141,0
5997148,0
5997149,0
5997152,0
5997153,0
5997155,0
5997159,0
5997162,0
5997168,0
5997171,0
5997188,0
5997189,0
5997190,0
5997193,0
5997201,0
5997205,0
5997212,0
5997225,0
5997230,0
5997231,0
5997234,0
5997235,0
5997236,0
5997239,0
5997245,0
5997247,0
5997248,0
5997254,0
5997257,0
5997264,0
5997265,0
5997278,0
5997281,0
5997282,0
5997289,0
5997292,0
5997293,0
5997299,0
5997302,0
5997303,0
5997308,0
5997311,0
5997312,0
5997315,0
5997318,0
5997324,0
5997325,0
5997326,0
5997328,0
5997330,0
5997334,0
5997337,0
5997341,0
5997344,0
5997355,0
5997359,0
5997361,0
5997375,0
5997380,0
5997381,0
5997384,0
5997401,0
5997402,0
5997410,0
5997414,0
5997417,0
5997419,0
5997423,0
5997425,0
5997433,0
5997436,0
5997440,0
5997443,0
5997444,0
5997445,0
5997447,0
5997448,0
5997468,0
5997492,0
5997497,0
5997508,0
5997522,0
5997525,0
5997526,0
5997531,0
5997533,0
5997538,0
5997545,0
5997550,0
5997558,0
5997566,0
5997570,0
5997574,0
5997575,0
5997577,0
5997578,0
5997582,0
5997587,0
5997592,0
5997595,0
5997598,0
5997601,0
5997605,0
5997608,0
5997613,0
5997614,0
5997618,0
5997619,0
5997623,0
5997624,0
5997625,0
5997629,0
5997635,0
5997640,0
5997649,0
5997656,0
5997662,0
5997664,0
5997666,0
5997675,0
5997680,0
5997684,0
5997685,0
5997687,0
5997688,0
5997690,0
5997693,0
5997704,0
5997708,0
5997716,0
5997722,0
5997734,0
5997735,0
5997746,0
5997747,0
5997753,0
5997754,0
5997758,0
5997762,0
5997767,0
5997778,0
5997787,0
5997789,0
5997798,0
5997802,0
5997804,0
5997813,0
5997816,0
5997822,0
5997828,0
5997829,0
5997837,0
5997838,0
5997840,0
5997842,0
5997852,0
5997855,0
5997867,0
5997868,0
5997873,0
5997875,0
5997876,0
5997880,0
5997884,0
5997889,0
5997891,0
5997895,0
5997897,0
5997903,0
5997905,0
5997909,0
5997919,0
5997920,0
5997922,0
5997927,0
5997928,0
5997929,0
5997935,0
5997952,0
5997953,0
5997954,0
5997957,0
5997963,0
5997965,0
5997976,0
5997981,0
5997985,0
5997988,0
5998016,0
5998018,0
5998041,0
5998042,0
5998047,0
5998058,0
5998064,0
5998066,0
5998069,0
5998070,0
5998073,0
5998074,0
5998082,0
5998083,0
5998086,0
5998095,0
5998106,0
5998118,0
5998120,0
5998121,0
5998125,0
5998127,0
5998129,0
5998131,0
5998132,0
5998139,0
5998141,0
5998142,0
5998146,0
5998152,0
5998155,0
5998156,0
5998157,0
5998165,0
5998166,0
5998167,0
5998171,0
5998172,0
5998178,0
5998181,0
5998187,0
5998195,0
5998196,0
5998206,0
5998207,0
5998210,0
5998212,0
5998213,0
5998219,0
5998231,0
5998232,0
5998234,0
5998235,0
5998242,0
5998248,0
5998259,0
5998262,0
5998270,0
5998275,0
5998280,0
5998282,0
5998284,0
5998287,0
5998292,0
5998293,0
5998305,0
5998316,0
5998328,0
5998336,0
5998338,0
5998350,0
5998351,0
5998365,0
5998379,0
5998381,0
5998394,0
5998402,0
5998407,0
5998410,0
5998411,0
5998423,0
5998424,0
5998425,0
5998431,0
5998432,0
5998434,0
5998438,0
5998441,0
5998443,0
5998453,0
5998465,0
5998469,0
5998471,0
5998474,0
5998496,0
5998505,0
5998539,0
5998545,0
5998551,0
5998556,0
5998560,0
5998562,0
5998563,0
5998571,0
5998572,0
5998573,0
5998580,0
5998583,0
5998589,0
5998590,0
5998600,0
5998604,0
5998607,0
5998610,0
5998618,0
5998619,0
5998620,0
5998624,0
5998635,0
5998636,0
5998645,0
5998648,0
5998655,0
5998663,0
5998669,0
5998677,0
5998685,0
5998688,0
5998690,0
5998691,0
5998693,0
5998696,0
5998709,0
5998713,0
5998717,0
5998718,0
5998727,0
5998729,0
5998730,0
5998731,0
5998733,0
5998734,0
5998739,0
5998741,0
5998744,0
5998746,0
5998747,0
5998750,0
5998764,0
5998765,0
5998766,0
5998767,0
5998774,0
5998781,0
5998790,0
5998792,0
5998796,0
5998802,0
5998803,0
5998817,0
5998819,0
5998826,0
5998828,0
5998829,0
5998832,0
5998833,0
5998846,0
5998847,0
5998848,0
5998850,0
5998855,0
5998856,0
5998859,0
5998866,0
5998876,0
5998882,0
5998895,0
5998896,0
5998901,0
5998910,0
5998911,0
5998912,0
5998915,0
5998917,0
5998923,0
5998944,0
5998964,0
5998965,0
5998970,0
5998972,0
5998991,0
5998992,0
5998994,0
5999000,0
5999011,0
5999016,0
5999017,0
5999018,0
5999028,0
5999064,0
5999066,0
5999073,0
5999082,0
5999087,0
5999100,0
5999104,0
5999108,0
5999114,0
5999119,0
5999121,0
5999122,0
5999123,0
5999124,0
5999130,0
5999135,0
5999137,0
5999140,0
5999145,0
5999161,0
5999162,0
5999174,0
5999175,0
5999177,0
5999179,0
5999184,0
5999199,0
5999207,0
5999218,0
5999225,0
5999239,0
5999241,0
5999244,0
5999245,0
5999266,0
5999277,0
5999280,0
5999281,0
5999285,0
5999288,0
5999295,0
5999296,0
5999298,0
5999305,0
5999309,0
5999331,0
5999336,0
5999337,0
5999338,0
5999367,0
5999370,0
5999371,0
5999379,0
5999385,0
5999388,0
5999396,0
5999402,0
5999410,0
5999421,0
5999423,0
5999425,0
5999426,0
5999437,0
5999443,0
5999444,0
5999447,0
5999451,0
5999455,0
5999456,0
5999461,0
5999465,0
5999466,0
5999469,0
5999475,0
5999476,0
5999477,0
5999478,0
5999480,0
5999483,0
5999485,0
5999486,0
5999496,0
5999501,0
5999508,0
5999511,0
5999522,0
5999524,0
5999525,0
5999534,0
5999537,0
5999550,0
5999558,0
5999560,0
5999570,0
5999571,0
5999585,0
5999594,0
5999595,0
5999611,0
5999617,0
5999633,0
5999637,0
5999642,0
5999644,0
5999646,0
5999647,0
5999650,0
5999652,0
5999660,0
5999681,0
5999691,0
5999693,0
5999698,0
5999700,0
5999701,0
5999702,0
5999708,0
5999712,0
5999713,0
5999714,0
5999727,0
5999728,0
5999734,0
5999736,0
5999739,0
5999748,0
5999749,0
5999753,0
5999759,0
5999763,0
5999764,0
5999765,0
5999770,0
5999778,0
5999780,0
5999782,0
5999783,0
5999789,0
5999796,0
5999813,0
5999814,0
5999818,0
5999821,0
5999832,0
5999835,0
5999842,0
5999849,0
5999853,0
5999856,0
5999864,0
5999867,0
5999871,0
5999874,0
5999877,0
5999878,0
5999886,0
5999893,0
5999907,0
5999915,0
5999932,0
5999944,0
5999946,0
5999947,0
5999949,0
5999960,0
5999967,0
5999972,0
5999975,0
5999976,0
5999989,0
5999990,0
5999991,0
5999996,0
5999998,0
5995566,0
5983080,0
